testassignment00,testpassword00
testassignment01,testpassword01
testassignment02,testpassword02
testassignment03,testpassword03
testassignment04,testpassword04
testassignment05,testpassword05
testassignment06,testpassword06
testassignment07,testpassword07
testassignment08,testpassword08
testassignment09,testpassword09
testassignment10,testpassword10
testassignment11,testpassword11
testassignment12,testpassword12
testassignment13,testpassword13
testassignment14,testpassword14
testassignment15,testpassword15
testassignment16,testpassword16
testassignment17,testpassword17
testassignment18,testpassword18
testassignment19,testpassword19
testassignment20,testpassword20
testassignment21,testpassword21
testassignment22,testpassword22
testassignment23,testpassword23
testassignment24,testpassword24
testassignment25,testpassword25
testassignment26,testpassword26
testassignment27,testpassword27
testassignment28,testpassword28
testassignment29,testpassword29
testassignment30,testpassword30
testassignment31,testpassword31
testassignment32,testpassword32
testassignment33,testpassword33
testassignment34,testpassword34
testassignment35,testpassword35
testassignment36,testpassword36
testassignment37,testpassword37
testassignment38,testpassword38
testassignment39,testpassword39
testassignment40,testpassword40
testassignment41,testpassword41
testassignment42,testpassword42
testassignment43,testpassword43
testassignment44,testpassword44
testassignment45,testpassword45
testassignment46,testpassword46
testassignment47,testpassword47
testassignment48,testpassword48
testassignment49,testpassword49
testassignment50,testpassword50
testassignment51,testpassword51
testassignment52,testpassword52
testassignment53,testpassword53
testassignment54,testpassword54
testassignment55,testpassword55
testassignment56,testpassword56
testassignment57,testpassword57
testassignment58,testpassword58
testassignment59,testpassword59
testassignment60,testpassword60
testassignment61,testpassword61
testassignment62,testpassword62
testassignment63,testpassword63
testassignment64,testpassword64
testassignment65,testpassword65
testassignment66,testpassword66
testassignment67,testpassword67
testassignment68,testpassword68
testassignment69,testpassword69
testassignment70,testpassword70
testassignment71,testpassword71
testassignment72,testpassword72
testassignment73,testpassword73
testassignment74,testpassword74
testassignment75,testpassword75
testassignment76,testpassword76
testassignment77,testpassword77
testassignment78,testpassword78
testassignment79,testpassword79
testassignment80,testpassword80
testassignment81,testpassword81
testassignment82,testpassword82
testassignment83,testpassword83
testassignment84,testpassword84
testassignment85,testpassword85
testassignment86,testpassword86
testassignment87,testpassword87
testassignment88,testpassword88
testassignment89,testpassword89
testassignment90,testpassword90
testassignment91,testpassword91
testassignment92,testpassword92
testassignment93,testpassword93
testassignment94,testpassword94
testassignment95,testpassword95
testassignment96,testpassword96
testassignment97,testpassword97
testassignment98,testpassword98
testassignment99,testpassword99
